file_name,file_code
021124.png,46
000000.png,
000001.png,290
000002.png,16
000003.png,97
000004.png,65
000005.png,39
000006.png,126
000007.png,14751
000008.png,48
000009.png,118
000010.png,281
000011.png,610
000012.png,60
000013.png,772
000014.png,666
000015.png,40
000016.png,29
000017.png,60
000018.png,15
000019.png,104
000020.png,24
000021.png,14
000022.png,245
000023.png,2001
000024.png,34
000025.png,23
000026.png,11
000027.png,157
000028.png,98
000029.png,14
000030.png,226
000031.png,55
000032.png,2
000033.png,24
000034.png,217
000035.png,76
000036.png,24
015775.png,820
015776.png,282
015777.png,45
015778.png,87
015779.png,55
015780.png,245
015781.png,33
015782.png,994
015783.png,499
015784.png,67
015785.png,262
015786.png,357
015787.png,27
015788.png,1345
015789.png,40
015790.png,29
015791.png,23
015792.png,232
015793.png,77
015794.png,70
015795.png,580
015796.png,0
015797.png,39
015798.png,3366
004452.png,5
004453.png,25
004454.png,66
004455.png,44
004456.png,43
004457.png,1
004458.png,29
004459.png,16
004460.png,39
004461.png,26
004462.png,127
004463.png,234
004464.png,353
004465.png,64
004466.png,193
004467.png,144
004468.png,289
004469.png,176
004470.png,595
025116.png,3310
025117.png,313
025118.png,893
025119.png,54
025120.png,47
025121.png,321
025122.png,508
025123.png,57
025124.png,2530
025125.png,4600
025126.png,190
025127.png,43
025128.png,17
025129.png,277
025130.png,36
025131.png,253
025132.png,1272
025133.png,461
025134.png,84
025135.png,70
025136.png,114
025137.png,41
009368.png,72
009369.png,3
009370.png,52
009371.png,175
009372.png,204
009373.png,277
009374.png,58
009375.png,6
009376.png,785
009377.png,163
009378.png,72
009379.png,764
009380.png,221
009381.png,71
009382.png,20
009383.png,367
009384.png,58
009385.png,180
009386.png,20
000037.png,2
000057.png,53
000096.png,8
000117.png,45
000136.png,17
000159.png,10
000178.png,58
000198.png,63
000234.png,3101
000253.png,225
000273.png,1700
000308.png,34
000333.png,83
000352.png,44
000371.png,295
000397.png,804
000416.png,368
000455.png,3225
000476.png,586
000513.png,112
000533.png,26
000555.png,1
000575.png,324
000596.png,3101
000615.png,28
000635.png,298
000656.png,22
000677.png,29
000697.png,1293
000718.png,41
000739.png,21
000760.png,51
000782.png,76
034782.png,240
034783.png,28
034784.png,724
034785.png,31
034786.png,44
034787.png,130
034788.png,137
034789.png,580
034790.png,200
034791.png,19
034792.png,33
034793.png,14
034794.png,44
034795.png,535
034796.png,444
034797.png,132
034798.png,250
034799.png,287
034800.png,293
034801.png,814
034802.png,4
022455.png,113
022456.png,180
022457.png,265
022458.png,149
022459.png,27
022460.png,124
022461.png,167
022462.png,3
022463.png,2931
022464.png,14
022465.png,20
022466.png,78
022467.png,82
022468.png,49
022469.png,599
022470.png,41
022471.png,122
022472.png,139
022473.png,47
010237.png,893
010238.png,2635
010239.png,48
010240.png,381
010241.png,46
010242.png,223
010243.png,320
010244.png,59
010245.png,27
010246.png,393
010247.png,452
010248.png,41
010249.png,574
010250.png,15
010251.png,21
010252.png,678
010253.png,1300
010254.png,300
010255.png,67
010256.png,13
010257.png,49
010258.png,12
010259.png,15
010260.png,423
010261.png,9
000038.png,165
000039.png,28
000040.png,1
000041.png,11
000042.png,24
000043.png,81
000044.png,67
000045.png,73
000046.png,1
000047.png,29
000048.png,56
000049.png,9
000050.png,22
000051.png,247
000052.png,24
000053.png,309
000054.png,6
000055.png,34
000056.png,36
029963.png,70
029964.png,142
029965.png,26
029966.png,857
029967.png,125
029968.png,468
029969.png,4200
029970.png,50
029971.png,57
029972.png,21
029973.png,84
029974.png,818
029975.png,96
029976.png,196
029977.png,381
029978.png,543
029979.png,18
